{"m": 14607.283191399234, "b": -12242.539330109994}