{"m": 16280.899791062056, "b": -13640.040159553071}